SPEAKER LABEL,TEXT,START TIME,END TIME
00,(markerType=slowspeech_start:markerInfo=∇:markerSpeaker=00),0.0,0.0
00,I,0.0,2.3
00,mean,2.3,2.72
00,what,2.72,3.04
00,are,3.04,3.28
00,you,3.28,3.5
00,doing,3.5,4.0
00,I'm,4.0,4.7
00,heading,4.7,4.96
00,down,4.96,5.32
00,here,5.32,6.0
00,I,6.0,6.5
00,was,6.5,6.72
00,down,6.72,7.02
00,there,7.02,7.26
00,over,7.26,7.7
00,Memorial,7.7,8.26
00,Day,8.26,8.68
00,and,8.68,8.84
00,you,8.84,8.88
00,weren't,8.88,8.94
00,there,8.94,9.0
00,Oh,9.0,9.72
00,I,9.72,9.88
00,wasn't,9.88,10.22
00,here,10.22,10.4
00,Memorial,10.4,11.0
00,I'm,11.0,11.3
00,not,11.3,12.0
00,I,12.0,12.04
00,had,12.04,12.16
00,to,12.16,12.2
00,work,12.2,12.24
00,Friday,12.24,13.0
00,Oh,13.0,13.86
00,yeah,13.86,14.0
00,I,14.0,14.58
00,went,14.58,15.08
00,down,15.08,15.48
00,there,15.48,15.8
00,and,15.8,15.84
00,I,15.84,15.92
00,think,15.92,16.14
00,it,16.14,16.26
00,was,16.26,16.7
00,Friday,16.7,17.0
00,Well,17.0,18.22
00,I,18.22,18.3
00,was,18.3,18.42
00,here,18.42,18.58
00,Saturday,18.58,19.0
00,I,19.0,21.52
00,came,21.52,21.74
00,down,21.74,22.08
00,Friday,22.08,22.72
00,night,22.72,23.0
00,Yeah,23.0,24.0
00,I,24.0,24.58
00,had,24.58,25.16
00,to,25.16,25.28
00,play,25.28,25.4
00,golf,25.4,25.78
00,for,25.78,26.16
00,Thursday,26.16,27.0
00,So,27.0,27.32
00,you,27.32,27.36
00,did,27.36,27.4
00,think,27.4,27.64
00,that,27.64,28.04
00,Friday,28.04,28.64
00,off,28.64,29.0
00,Yeah,29.0,29.64
00,rode,29.64,29.86
00,down,29.86,30.34
00,the,30.34,30.48
00,bicycle,30.48,30.66
00,there,30.66,31.0
00,And,31.0,31.52
00,then,31.52,31.56
00,nobody,31.56,31.6
00,was,31.6,31.64
00,there,31.64,33.0
00,I'm,33.0,33.62
00,Friday,33.62,34.0
00,Yeah,34.0,35.0
00,I,35.0,35.54
00,thought,35.54,36.24
00,well,36.24,37.72
00,I,37.72,37.76
00,had,37.76,37.9
00,to,37.9,37.96
00,have,37.96,38.14
00,me,38.14,38.28
00,Saturday,38.28,38.66
00,night,38.66,38.9
00,in,38.9,38.94
00,the,38.94,38.98
00,Sunday,38.98,39.02
00,So,39.02,40.06
00,I'm,40.06,40.6
00,playing,40.6,40.74
00,golf,40.74,40.94
00,now,40.94,41.0
00,I'm,41.0,41.14
00,very,41.14,41.7
00,excited,41.7,42.14
00,to,42.14,42.46
00,just,42.46,42.54
00,leave,42.54,42.68
00,me,42.68,43.0
00,Oh,43.0,44.0
00,So,44.0,44.72
00,I,44.72,44.82
00,was,44.82,45.3
00,both,45.3,45.94
00,calm,45.94,46.16
00,down,46.16,46.4
00,last,46.4,46.64
00,night,46.64,46.9
00,but,46.9,46.94
00,there,46.94,47.08
00,was,47.08,47.26
00,a,47.26,47.36
00,death,47.36,47.56
00,in,47.56,47.72
00,the,47.72,47.8
00,family,47.8,48.0
00,So,48.0,48.46
00,they,48.46,48.68
00,couldn't,48.68,48.88
00,come,48.88,48.92
00,to,48.92,48.96
00,the,48.96,49.0
00,bus,49.0,49.04
00,They,49.04,50.2
00,were,50.2,50.24
00,playing,50.24,50.28
00,with,50.28,50.58
00,a,50.58,50.7
00,company,50.7,50.84
00,deal,50.84,51.0
00,So,51.0,51.44
00,I,51.44,51.62
00,guess,51.62,51.8
00,you,51.8,51.88
00,can,51.88,51.92
00,play,51.92,51.96
00,with,51.96,52.0
00,them,52.0,52.04
00,Oh,52.04,52.94
00,good,52.94,53.0
00,What,53.0,54.3
00,a,54.3,54.38
00,miserable,54.38,54.74
00,weekend,54.74,55.0
00,Yeah,55.0,56.16
00,and,56.16,56.48
00,it's,56.48,56.86
00,been,56.86,57.06
00,beautiful,57.06,57.62
00,down,57.62,57.92
00,here,57.92,58.0
00,I,58.0,58.42
00,know,58.42,58.52
00,you've,58.52,58.76
00,had,58.76,58.92
00,a,58.92,59.1
00,lousy,59.1,59.82
00,and,59.82,59.9
00,town,59.9,60.3
00,here,60.3,60.64
00,haven't,60.64,60.78
00,you,60.78,61.0
00,I,61.0,61.04
00,think,61.04,61.32
00,yesterday,61.32,62.0
00,But,62.0,62.6
00,the,62.6,62.74
00,sun,62.74,63.04
00,was,63.04,63.26
00,out,63.26,63.56
00,here,63.56,63.76
00,was,63.76,64.02
00,beautifully,64.02,64.54
00,yesterday,64.54,65.0
00,But,65.0,65.92
00,it's,65.92,66.08
00,been,66.08,66.24
00,cold,66.24,67.0
00,I,67.0,67.32
00,know,67.32,67.44
00,I've,67.44,67.78
00,been,67.78,67.82
00,trying,67.82,67.88
00,to,67.88,67.94
00,stop,67.94,68.0
00,I,68.0,68.56
00,tell,68.56,68.86
00,my,68.86,69.28
00,god,69.28,69.76
00,let's,69.76,70.26
00,hold,70.26,70.44
00,a,70.44,70.68
00,town,70.68,70.84
00,too,70.84,71.0
00,It,71.0,71.46
00,rained,71.46,71.84
00,yesterday,71.84,72.28
00,morning,72.28,72.58
00,till,72.58,72.94
00,about,72.94,73.14
00,11,73.14,74.0
00,It,74.0,75.08
00,rained,75.08,75.36
00,about,75.36,76.38
00,a,76.38,76.42
00,sea,76.42,77.5
00,Thursday,77.5,77.74
00,morning,77.74,78.0
00,Real,78.0,78.78
00,real,78.78,79.24
00,hard,79.24,79.54
00,about,79.54,79.88
00,five,79.88,80.26
00,o'clock,80.26,80.72
00,down,80.72,80.88
00,here,80.88,81.0
00,Get,81.0,81.3
00,it,81.3,82.0
00,Yeah,82.0,83.0
00,Memorial,83.0,83.34
00,day,83.34,84.0
00,That,84.0,84.4
00,was,84.4,84.56
00,a,84.56,84.7
00,no,84.7,84.96
00,this,84.96,85.3
00,this,85.3,85.58
00,week,85.58,86.0
00,Oh,86.0,86.32
00,this,86.32,86.42
00,week,86.42,87.0
00,Oh,87.0,87.06
00,my,87.06,87.1
00,god,87.1,87.32
00,I've,87.32,87.46
00,lost,87.46,87.58
00,track,87.58,87.82
00,of,87.82,87.94
00,time,87.94,88.0
00,This,88.0,88.36
00,has,88.36,88.54
00,really,88.54,88.74
00,been,88.74,88.96
00,a,88.96,89.1
00,week,89.1,89.36
00,hasn't,89.36,89.74
00,it,89.74,90.0
00,Oh,90.0,90.32
00,god,90.32,90.86
00,long,90.86,90.94
00,week,90.94,91.0
00,Oh,91.0,91.58
00,my,91.58,91.62
00,god,91.62,92.0
00,I've,92.0,92.42
00,got,92.42,92.46
00,it,92.46,92.7
00,so,92.7,92.9
00,far,92.9,93.0
00,I,93.0,93.6
00,won't,93.6,93.88
00,even,93.88,93.92
00,come,93.92,93.96
00,to,93.96,94.0
00,TV,94.0,94.04
00,I,94.04,94.08
00,won't,94.08,94.12
00,either,94.12,95.0
00,Oh,95.0,95.06
00,no,95.06,96.0
00,They,96.0,96.48
00,drag,96.48,96.76
00,it,96.76,96.82
00,off,96.82,97.0
00,That's,97.0,97.68
00,where,97.68,97.8
00,they,97.8,98.0
00,we,98.0,98.16
00,took,98.16,98.32
00,off,98.32,98.66
00,on,98.66,98.8
00,our,98.8,98.84
00,charter,98.84,98.94
00,flight,98.94,99.0
00,That,99.0,99.48
00,same,99.48,99.52
00,spot,99.52,100.0
00,Did,100.0,100.68
00,you,100.68,100.9
00,see,100.9,100.94
00,it,100.94,101.0
00,When,101.0,102.12
00,they,102.12,102.28
00,took,102.28,102.5
00,him,102.5,102.68
00,in,102.68,102.78
00,the,102.78,102.92
00,airplane,102.92,103.0
00,Oh,103.0,103.56
00,hell,103.56,104.0
00,I,104.0,104.14
00,wouldn't,104.14,104.52
00,even,104.52,104.56
00,want,104.56,104.8
00,to,104.8,105.0
00,I,105.0,105.18
00,think,105.18,105.32
00,it's,105.32,105.6
00,so,105.6,105.64
00,ridiculous,105.64,106.0
00,I,106.0,106.66
00,mean,106.66,107.22
00,it's,107.22,108.1
00,a,108.1,108.16
00,horrible,108.16,108.6
00,thing,108.6,109.0
00,But,109.0,109.38
00,my,109.38,109.72
00,god,109.72,110.28
00,play,110.28,110.74
00,up,110.74,110.96
00,that,110.96,111.2
00,thing,111.2,111.52
00,is,111.52,111.76
00,it's,111.76,111.92
00,just,111.92,111.96
00,horrible,111.96,112.0
00,If,112.0,112.94
00,die,112.94,112.98
00,of,112.98,113.32
00,people,113.32,113.36
00,met,113.36,114.0
00,Why,114.0,114.52
00,And,114.52,114.86
00,it,114.86,114.9
00,makes,114.9,115.12
00,American,115.12,115.48
00,people,115.48,115.98
00,think,115.98,116.26
00,why,116.26,116.42
00,they're,116.42,116.64
00,no,116.64,116.74
00,good,116.74,117.0
00,Well,117.0,118.0
00,they,118.0,118.18
00,aren't,118.18,118.5
00,very,118.5,118.64
00,good,118.64,119.0
00,Some,119.0,119.2
00,of,119.2,120.0
00,Well,120.0,120.34
00,I,120.34,120.54
00,know,120.54,121.04
00,but,121.04,121.08
00,I,121.08,121.24
00,mean,121.24,121.64
00,it's,121.64,121.72
00,you,121.72,121.84
00,and,121.84,122.0
00,I,122.0,122.28
00,are,122.28,122.36
00,not,122.36,122.66
00,going,122.66,123.1
00,around,123.1,123.52
00,killing,123.52,123.76
00,everybody,123.76,124.0
00,It's,124.0,124.78
00,these,124.78,124.96
00,damn,124.96,125.32
00,foreigners,125.32,126.0
00,Well,126.0,126.86
00,they,126.86,127.14
00,have,127.14,127.42
00,too,127.42,127.6
00,much,127.6,127.72
00,TV,127.72,128.0
00,I,128.0,128.42
00,think,128.42,128.66
00,TV's,128.66,129.26
00,real,129.26,129.38
00,in,129.38,129.5
00,the,129.5,129.66
00,world,129.66,129.82
00,myself,129.82,130.0
00,Yeah,130.0,131.0
00,And,131.0,131.34
00,TV,131.34,132.0
00,That's,132.0,132.84
00,where,132.84,132.96
00,we,132.96,133.14
00,took,133.14,133.46
00,off,133.46,134.0
00,Exact,134.0,134.46
00,spot,134.46,134.76
00,on,134.76,134.94
00,that,134.94,135.18
00,chartered,135.18,135.64
00,flight,135.64,136.0
00,Oh,136.0,137.0
00,There's,137.0,137.36
00,a,137.36,137.4
00,plane,137.4,137.6
00,jam,137.6,138.0
00,And,138.0,138.18
00,I,138.18,138.36
00,just,138.36,138.5
00,lucked,138.5,138.74
00,that,138.74,139.0
00,I,139.0,140.2
00,wouldn't,140.2,140.58
00,even,140.58,140.82
00,turn,140.82,140.88
00,it,140.88,140.94
00,on,140.94,141.0
00,Oh,141.0,141.56
00,yeah,141.56,142.0
00,I,142.0,142.98
00,just,142.98,143.02
00,just,143.02,143.16
00,too,143.16,143.32
00,depressed,143.32,144.0
00,Oh,144.0,144.48
00,it,144.48,144.7
00,is,144.7,145.0
00,Carol,145.0,146.0
00,Let's,146.0,146.54
00,do,146.54,146.58
00,it,146.58,147.0
00,Gee,147.0,147.38
00,nothing,147.38,148.0
00,Oh,148.0,148.68
00,gee,148.68,150.0
00,It,150.0,150.22
00,goes,150.22,150.42
00,out,150.42,151.0
00,Oh,151.0,151.28
00,let's,151.28,151.42
00,see,151.42,152.0
00,We,152.0,152.04
00,plane,152.04,152.18
00,off,152.18,152.36
00,today,152.36,153.0
00,Yeah,153.0,154.0
00,Do,154.0,154.04
00,we,154.04,154.18
00,win,154.18,154.38
00,out,154.38,154.74
00,the,154.74,156.0
00,And,156.0,156.82
00,they,156.82,157.88
00,have,157.88,159.04
00,this,159.04,159.36
00,little,159.36,159.48
00,Boston,159.48,159.8
00,Wailer,159.8,160.0
00,And,160.0,160.74
00,we,160.74,160.78
00,got,160.78,160.98
00,a,160.98,161.2
00,sled,161.2,162.0
00,We,162.0,162.28
00,went,162.28,162.46
00,out,162.46,162.86
00,the,162.86,163.16
00,mouth,163.16,163.74
00,of,163.74,163.86
00,the,163.86,163.9
00,jetty,163.9,164.0
00,To,164.0,164.58
00,see,164.58,164.94
00,the,164.94,165.12
00,enthusiasm,165.12,166.0
00,We,166.0,166.26
00,catch,166.26,166.5
00,fast,166.5,167.12
00,and,167.12,167.38
00,tell,167.38,167.62
00,them,167.62,167.84
00,that,167.84,168.02
00,you,168.02,168.24
00,have,168.24,168.6
00,no,168.6,168.76
00,idea,168.76,169.0
00,God,169.0,170.0
00,I,170.0,171.06
00,bet,171.06,171.28
00,we,171.28,171.5
00,had,171.5,171.68
00,25,171.68,171.84
00,pounds,171.84,172.0
00,Went,172.0,173.7
00,out,173.7,174.04
00,on,174.04,174.2
00,a,174.2,174.3
00,chartered,174.3,174.76
00,deal,174.76,174.86
00,down,174.86,174.9
00,the,174.9,174.94
00,Sanctuary,174.94,175.0
00,Many,175.0,176.86
00,cities,176.86,176.9
00,pop,176.9,176.94
00,her,176.94,176.98
00,right,176.98,177.02
00,off,177.02,177.06
00,But,177.06,177.1
00,they,177.1,177.14
00,left,177.14,177.18
00,it,177.18,177.22
00,when,177.22,177.26
00,it,177.26,177.3
00,clocked,177.3,177.6
00,on,177.6,178.0
00,this,178.0,178.52
00,plane,178.52,179.0
00,Angling,179.0,180.0
00,So,180.0,180.8
00,if,180.8,180.9
00,you,180.9,181.04
00,got,181.04,181.16
00,about,181.16,181.44
00,50,181.44,181.7
00,pounds,181.7,182.12
00,of,182.12,182.26
00,fish,182.26,182.48
00,he,182.48,182.52
00,more,182.52,182.56
00,than,182.56,182.6
00,that,182.6,183.0
00,He,183.0,184.26
00,said,184.26,184.3
00,he,184.3,184.48
00,gave,184.48,184.66
00,so,184.66,184.8
00,much,184.8,184.9
00,of,184.9,184.94
00,it,184.94,184.98
00,away,184.98,185.02
00,But,185.02,185.52
00,he,185.52,185.82
00,brought,185.82,186.02
00,home,186.02,186.2
00,about,186.2,186.52
00,50,186.52,186.74
00,bass,186.74,186.92
00,and,186.92,186.96
00,everything,186.96,187.0
00,No,187.0,188.44
00,I,188.44,188.7
00,knew,188.7,188.88
00,it,188.88,188.92
00,was,188.92,188.96
00,a,188.96,189.0
00,dancer,189.0,189.04
00,We,189.04,190.0
00,The,190.0,191.0
00,smallest,191.0,191.52
00,bass,191.52,191.96
00,we,191.96,192.24
00,kept,192.24,192.52
00,was,192.52,192.78
00,one,192.78,192.9
00,time,192.9,193.0
00,We,193.0,193.62
00,well,193.62,194.34
00,Monday,194.34,194.66
00,we,194.66,194.7
00,went,194.7,195.0
00,I,195.0,195.76
00,went,195.76,196.2
00,with,196.2,196.48
00,a,196.48,196.66
00,girl,196.66,197.0
00,And,197.0,197.78
00,we,197.78,198.02
00,went,198.02,198.22
00,over,198.22,198.42
00,on,198.42,198.6
00,Elmer's,198.6,199.12
00,dock,199.12,199.36
00,and,199.36,199.68
00,went,199.68,199.92
00,with,199.92,199.96
00,us,199.96,200.0
00,And,200.0,200.48
00,we,200.48,200.86
00,got,200.86,201.1
00,a,201.1,201.2
00,lot,201.2,201.5
00,of,201.5,201.6
00,fish,201.6,201.8
00,over,201.8,201.94
00,there,201.94,202.0
00,And,202.0,202.58
00,we,202.58,203.06
00,take,203.06,203.3
00,them,203.3,203.5
00,down,203.5,203.72
00,to,203.72,203.92
00,the,203.92,203.96
00,door,203.96,204.0
00,You,204.0,204.66
00,know,204.66,204.88
00,the,204.88,205.16
00,door,205.16,205.2
00,he,205.2,205.28
00,fish,205.28,205.58
00,him,205.58,205.72
00,and,205.72,205.82
00,down,205.82,205.88
00,there,205.88,206.0
00,And,206.0,206.38
00,they,206.38,206.42
00,clean,206.42,206.76
00,them,206.76,206.92
00,for,206.92,206.96
00,you,206.96,207.0
00,You,207.0,207.64
00,know,207.64,208.82
00,give,208.82,209.02
00,them,209.02,209.3
00,a,209.3,209.42
00,buck,209.42,209.92
00,or,209.92,209.96
00,so,209.96,210.0
00,You,210.0,210.78
00,know,210.78,211.1
00,it's,211.1,211.28
00,better,211.28,211.46
00,than,211.46,211.76
00,you,211.76,211.9
00,doing,211.9,211.94
00,it,211.94,212.0
00,Yeah,212.0,213.0
00,Well,213.0,214.42
00,I,214.42,214.64
00,just,214.64,214.86
00,trying,214.86,214.9
00,to,214.9,214.94
00,get,214.94,214.98
00,a,214.98,215.02
00,call,215.02,215.06
00,I,215.06,215.1
00,was,215.1,215.18
00,going,215.18,215.22
00,to,215.22,215.26
00,call,215.26,216.0
00,She,216.0,216.94
00,had,216.94,217.0
00,She's,217.0,218.82
00,been,218.82,219.16
00,coming,219.16,219.36
00,down,219.36,219.7
00,here,219.7,219.86
00,once,219.86,219.9
00,in,219.9,219.94
00,a,219.94,219.98
00,while,219.98,220.02
00,And,220.02,220.98
00,I,220.98,221.12
00,can't,221.12,221.44
00,get,221.44,221.64
00,her,221.64,221.78
00,number,221.78,222.0
00,So,222.0,222.4
00,I,222.4,222.44
00,thought,222.44,222.7
00,I'll,222.7,222.92
00,call,222.92,222.96
00,you,222.96,223.0
00,I,223.0,224.06
00,didn't,224.06,224.24
00,know,224.24,224.42
00,whether,224.42,225.0
00,I,225.0,225.46
00,was,225.46,225.8
00,my,225.8,225.96
00,telephone,225.96,226.38
00,was,226.38,226.78
00,funny,226.78,227.0
00,I,227.0,227.28
00,couldn't,227.28,228.0
00,I,228.0,228.36
00,got,228.36,228.48
00,a,228.48,228.58
00,busy,228.58,228.86
00,sign,228.86,229.34
00,all,229.34,229.58
00,the,229.58,229.74
00,time,229.74,230.0
00,So,230.0,231.0
00,From,231.0,231.28
00,here,231.28,232.0
00,I,232.0,232.32
00,tried,232.32,232.54
00,to,232.54,232.76
00,get,232.76,232.82
00,her,232.82,232.9
00,number,232.9,233.0
00,Then,233.0,233.28
00,it's,233.28,233.76
00,busy,233.76,234.0
00,And,234.0,234.12
00,I,234.12,234.16
00,hang,234.16,234.2
00,up,234.2,235.0
00,And,235.0,235.66
00,then,235.66,235.7
00,it's,235.7,235.94
00,busy,235.94,236.3
00,when,236.3,236.48
00,I,236.48,236.6
00,pick,236.6,236.82
00,it,236.82,236.88
00,up,236.88,237.0
00,I,237.0,237.04
00,don't,237.04,237.36
00,know,237.36,237.42
00,whether,237.42,237.6
00,their,237.6,237.78
00,phone's,237.78,238.1
00,just,238.1,238.52
00,connected,238.52,239.0
00,Not,239.0,239.42
00,they,239.42,239.7
00,tell,239.7,239.98
00,me,239.98,240.2
00,I'm,240.2,240.34
00,sure,240.34,241.0
00,So,241.0,241.54
00,I,241.54,241.72
00,tried,241.72,241.98
00,you,241.98,242.28
00,as,242.28,242.44
00,I,242.44,242.56
00,will,242.56,242.68
00,not,242.68,243.0
00,Maybe,243.0,243.2
00,I,243.2,243.28
00,can,243.28,243.44
00,get,243.44,244.0
00,And,244.0,245.0
00,So,245.0,245.24
00,I,245.24,245.42
00,guess,245.42,245.62
00,I,245.62,245.76
00,got,245.76,245.84
00,you,245.84,246.0
00,Yeah,246.0,247.0
00,Yeah,247.0,248.0
00,He,248.0,248.04
00,did,248.04,249.0
00,Yeah,249.0,250.0
00,So,250.0,250.58
00,anyway,250.58,251.0
00,I,251.0,251.78
00,thought,251.78,252.0
00,He,252.0,252.44
00,always,252.44,252.76
00,likes,252.76,252.88
00,to,252.88,253.1
00,go,253.1,253.24
00,do,253.24,253.48
00,something,253.48,254.0
00,And,254.0,254.28
00,that's,254.28,254.52
00,not,254.52,254.6
00,maybe,254.6,254.8
00,a,254.8,254.86
00,good,254.86,255.14
00,job,255.14,256.0
00,Yeah,256.0,257.0
00,He,257.0,257.44
00,didn't,257.44,257.8
00,make,257.8,257.84
00,up,257.84,258.0
00,And,258.0,258.34
00,he,258.34,258.38
00,was,258.38,258.58
00,here,258.58,258.68
00,having,258.68,259.06
00,a,259.06,259.18
00,big,259.18,259.44
00,sale,259.44,260.0
00,He's,260.0,260.34
00,in,260.34,261.0
00,Yeah,261.0,262.0
00,You,262.0,262.04
00,know,262.04,262.16
00,they're,262.16,262.26
00,45th,262.26,262.86
00,anniversary,262.86,264.0
00,I'd,264.0,264.32
00,like,264.32,264.5
00,to,264.5,264.54
00,get,264.54,264.7
00,some,264.7,264.88
00,business,264.88,266.0
00,So,266.0,266.18
00,people,266.18,266.34
00,are,266.34,266.54
00,coming,266.54,266.74
00,in,266.74,266.86
00,next,266.86,267.14
00,Saturday,267.14,268.0
00,And,268.0,268.14
00,I,268.14,268.18
00,hope,268.18,268.22
00,they're,268.22,268.42
00,good,268.42,269.0
00,That's,269.0,269.1
00,a,269.1,269.14
00,good,269.14,269.18
00,weather,269.18,270.0
00,Oh,270.0,270.52
00,yeah,270.52,271.0
00,They,271.0,271.04
00,have,271.04,271.52
00,beautiful,271.52,272.34
00,bed,272.34,272.76
00,spreads,272.76,273.18
00,up,273.18,273.34
00,there,273.34,274.0
00,Yeah,274.0,275.0
00,Down,275.0,275.16
00,in,275.16,275.3
00,the,275.3,275.34
00,basement,275.34,276.0
00,We,276.0,276.24
00,went,276.24,276.48
00,to,276.48,276.66
00,the,276.66,276.74
00,one,276.74,277.0
00,I,277.0,277.66
00,went,277.66,277.96
00,to,277.96,278.12
00,the,278.12,278.16
00,one,278.16,279.0
00,The,279.0,279.14
00,third,279.14,280.0
00,On,280.0,281.0
00,Up,281.0,281.38
00,there,281.38,282.0
00,I,282.0,282.54
00,was,282.54,282.72
00,going,282.72,282.76
00,to,282.76,282.8
00,go,282.8,283.24
00,to,283.24,283.28
00,the,283.28,283.32
00,other,283.32,283.36
00,side,283.36,284.0
00,I,284.0,285.12
00,was,285.12,285.22
00,going,285.22,285.26
00,to,285.26,285.3
00,go,285.3,285.34
00,to,285.34,285.38
00,the,285.38,285.42
00,other,285.42,285.66
00,side,285.66,286.0
00,And,286.0,287.08
00,I,287.08,287.26
00,was,287.26,287.48
00,going,287.48,287.82
00,to,287.82,287.86
00,go,287.86,287.9
00,to,287.9,287.94
00,the,287.94,287.98
00,other,287.98,288.02
00,side,288.02,288.06
00,And,288.06,288.1
00,I,288.1,288.14
00,was,288.14,288.18
00,going,288.18,288.22
00,to,288.22,288.26
00,go,288.26,288.3
00,to,288.3,288.34
00,the,288.34,288.38
00,other,288.38,288.42
00,side,288.42,290.0
00,And,290.0,290.08
00,I,290.08,290.12
00,was,290.12,290.16
00,going,290.16,290.2
00,to,290.2,290.24
00,go,290.24,290.28
00,to,290.28,290.32
00,the,290.32,290.36
00,other,290.36,290.5
00,side,290.5,292.0
00,And,292.0,292.04
00,I,292.04,292.08
00,was,292.08,292.12
00,going,292.12,292.16
00,to,292.16,292.2
00,go,292.2,292.3
00,to,292.3,292.42
00,the,292.42,292.46
00,other,292.46,292.64
00,side,292.64,294.0
00,And,294.0,295.78
00,I,295.78,295.82
00,was,295.82,295.86
00,going,295.86,295.9
00,to,295.9,295.94
00,go,295.94,295.98
00,to,295.98,296.02
00,the,296.02,296.06
00,other,296.06,296.1
00,side,296.1,296.14
00,And,296.14,296.56
00,I,296.56,296.78
00,was,296.78,297.0
00,going,297.0,297.04
00,to,297.04,297.22
00,go,297.22,297.26
00,to,297.26,297.3
00,the,297.3,297.34
00,other,297.34,297.8
00,side,297.8,298.0
00,And,298.0,298.32
00,I,298.32,298.36
00,was,298.36,298.74
00,going,298.74,298.86
00,to,298.86,298.9
00,go,298.9,298.94
00,to,298.94,298.98
00,the,298.98,299.02
00,other,299.02,299.14
00,side,299.14,300.0
00,And,300.0,300.52
00,I,300.52,300.56
00,was,300.56,300.66
00,going,300.66,300.7
00,to,300.7,300.9
00,go,300.9,300.94
00,to,300.94,301.18
00,the,301.18,301.22
00,other,301.22,301.26
00,side,301.26,302.0
00,And,302.0,302.22
00,I,302.22,302.32
00,was,302.32,302.84
00,going,302.84,303.08
00,to,303.08,303.12
00,go,303.12,303.16
00,to,303.16,303.2
00,the,303.2,303.24
00,other,303.24,303.82
00,side,303.82,304.0
00,And,304.0,305.74
00,I,305.74,305.78
00,was,305.78,305.82
00,going,305.82,305.86
00,to,305.86,305.9
00,go,305.9,305.94
00,to,305.94,305.98
00,the,305.98,306.02
00,other,306.02,306.06
00,side,306.06,306.1
00,And,306.1,307.78
00,I,307.78,307.82
00,was,307.82,307.86
00,going,307.86,307.9
00,to,307.9,307.94
00,go,307.94,307.98
00,to,307.98,308.02
00,the,308.02,308.06
00,other,308.06,308.1
00,side,308.1,308.14
00,And,308.14,309.12
00,I,309.12,309.2
00,was,309.2,309.28
00,going,309.28,309.5
00,to,309.5,309.54
00,go,309.54,309.58
00,to,309.58,309.62
00,the,309.62,309.92
00,other,309.92,309.96
00,side,309.96,310.0
00,And,310.0,310.18
00,I,310.18,310.22
00,was,310.22,310.26
00,going,310.26,310.3
00,to,310.3,310.34
00,go,310.34,310.38
00,to,310.38,310.42
00,the,310.42,310.46
00,other,310.46,310.5
00,side,310.5,312.0
00,And,312.0,312.98
00,I,312.98,313.02
00,was,313.02,313.06
00,going,313.06,313.1
00,to,313.1,313.14
00,go,313.14,313.18
00,to,313.18,313.22
00,the,313.22,313.26
00,other,313.26,313.3
00,side,313.3,314.0
00,And,314.0,314.28
00,I,314.28,314.32
00,was,314.32,314.9
00,going,314.9,315.02
00,to,315.02,315.6
00,go,315.6,315.7
00,to,315.7,315.74
00,the,315.74,315.92
00,other,315.92,315.96
00,side,315.96,316.0
00,And,316.0,317.78
00,I,317.78,317.82
00,was,317.82,317.86
00,going,317.86,317.9
00,to,317.9,317.94
00,go,317.94,317.98
00,to,317.98,318.02
00,the,318.02,318.06
00,other,318.06,318.1
00,side,318.1,318.14
00,And,318.14,319.36
00,I,319.36,319.46
00,was,319.46,319.78
00,going,319.78,319.84
00,to,319.84,319.88
00,go,319.88,319.92
00,to,319.92,319.96
00,the,319.96,320.0
00,other,320.0,320.04
00,side,320.04,320.08
00,And,320.08,321.78
00,I,321.78,321.82
00,was,321.82,321.86
00,going,321.86,321.9
00,to,321.9,321.94
00,go,321.94,321.98
00,to,321.98,322.02
00,the,322.02,322.06
00,other,322.06,322.1
00,side,322.1,322.14
00,And,322.14,323.62
00,I,323.62,323.66
00,was,323.66,323.7
00,going,323.7,323.74
00,to,323.74,323.78
00,go,323.78,323.82
00,to,323.82,323.86
00,the,323.86,323.9
00,other,323.9,323.94
00,side,323.94,324.0
00,And,324.0,324.72
00,I,324.72,324.76
00,was,324.76,325.18
00,going,325.18,325.22
00,to,325.22,325.26
00,go,325.26,325.3
00,to,325.3,325.34
00,the,325.34,325.38
00,other,325.38,325.42
00,side,325.42,326.0
00,And,326.0,326.04
00,I,326.04,326.14
00,was,326.14,326.26
00,going,326.26,326.3
00,to,326.3,326.58
00,go,326.58,326.66
00,to,326.66,327.14
00,the,327.14,327.18
00,other,327.18,327.22
00,side,327.22,328.0
00,And,328.0,328.04
00,I,328.04,328.08
00,was,328.08,328.12
00,going,328.12,328.16
00,to,328.16,328.2
00,go,328.2,328.54
00,to,328.54,328.58
00,the,328.58,328.62
00,other,328.62,328.66
00,side,328.66,330.0
00,And,330.0,331.78
00,I,331.78,331.82
00,was,331.82,331.86
00,going,331.86,331.9
00,to,331.9,331.94
00,go,331.94,331.98
00,to,331.98,332.02
00,the,332.02,332.06
00,other,332.06,332.1
00,side,332.1,332.14
00,And,332.14,332.18
00,I,332.18,332.24
00,was,332.24,332.48
00,going,332.48,332.52
00,to,332.52,332.56
00,go,332.56,332.6
00,to,332.6,332.64
00,the,332.64,332.68
00,other,332.68,332.72
00,side,332.72,334.0
00,And,334.0,334.68
00,I,334.68,334.82
00,was,334.82,335.16
00,going,335.16,335.2
00,to,335.2,335.24
00,go,335.24,335.28
00,to,335.28,335.34
00,the,335.34,335.4
00,other,335.4,335.44
00,side,335.44,336.0
00,And,336.0,337.38
00,I,337.38,337.42
00,was,337.42,337.46
00,going,337.46,337.5
00,to,337.5,337.54
00,go,337.54,337.58
00,to,337.58,337.62
00,the,337.62,337.66
00,other,337.66,337.7
00,side,337.7,338.0
00,And,338.0,338.18
00,these,338.18,338.24
00,other,338.24,338.42
00,kids,338.42,338.72
00,in,338.72,338.88
00,the,338.88,339.06
00,camp,339.06,339.24
00,play,339.24,339.52
00,is,339.52,339.72
00,good,339.72,339.82
00,to,339.82,339.86
00,see,339.86,339.9
00,you,339.9,339.94
00,know,339.94,339.98
00,again,339.98,340.02
00,a,340.02,340.32
00,chance,340.32,340.82
00,of,340.82,341.14
00,finally,341.14,341.44
00,they,341.44,341.68
00,put,341.68,341.8
00,him,341.8,341.98
00,in,341.98,342.1
00,the,342.1,342.3
00,last,342.3,342.66
00,five,342.66,343.0
00,innings,343.0,343.42
00,there,343.42,344.0
00,And,344.0,344.04
00,he,344.04,344.08
00,made,344.08,344.12
00,a,344.12,344.16
00,home,344.16,344.24
00,run,344.24,344.46
00,with,344.46,344.7
00,a,344.7,344.8
00,little,344.8,344.9
00,kid,344.9,345.18
00,on,345.18,345.54
00,first,345.54,346.0
00,And,346.0,346.86
00,the,346.86,346.96
00,kid,346.96,347.2
00,came,347.2,347.5
00,in,347.5,347.76
00,and,347.76,347.88
00,made,347.88,348.24
00,a,348.24,348.52
00,home,348.52,348.74
00,run,348.74,349.0
00,They're,349.0,349.6
00,two,349.6,349.78
00,runs,349.78,350.0
00,So,350.0,350.34
00,they,350.34,350.5
00,wanted,350.5,350.78
00,to,350.78,350.94
00,see,350.94,351.0
00,They,351.0,351.04
00,picked,351.04,351.36
00,him,351.36,351.4
00,up,351.4,352.0
00,And,352.0,353.82
00,he,353.82,353.86
00,was,353.86,353.9
00,really,353.9,353.94
00,cute,353.94,354.0
00,They,354.0,354.8
00,picked,354.8,355.04
00,him,355.04,355.4
00,up,355.4,355.62
00,and,355.62,355.94
00,tell,355.94,356.52
00,him,356.52,356.7
00,up,356.7,356.84
00,in,356.84,356.92
00,the,356.92,356.96
00,air,356.96,357.0
00,And,357.0,357.62
00,everybody,357.62,357.88
00,was,357.88,358.34
00,loving,358.34,358.64
00,and,358.64,358.9
00,talking,358.9,359.12
00,to,359.12,359.4
00,me,359.4,359.44
00,at,359.44,360.26
00,tears,360.26,360.62
00,in,360.62,360.8
00,his,360.8,360.88
00,eyes,360.88,361.0
00,He,361.0,362.36
00,won,362.36,362.7
00,the,362.7,362.9
00,game,362.9,363.0
00,Oh,363.0,363.9
00,God,363.9,363.94
00,love,363.94,364.0
00,And,364.0,364.2
00,that's,364.2,364.42
00,he,364.42,364.46
00,has,364.46,364.52
00,that,364.52,365.0
00,He,365.0,365.58
00,has,365.58,365.76
00,that,365.76,365.94
00,He's,365.94,366.14
00,the,366.14,366.18
00,only,366.18,366.22
00,good,366.22,366.48
00,thing,366.48,366.74
00,this,366.74,366.98
00,week,366.98,368.0
00,God,368.0,368.54
00,if,368.54,368.72
00,you,368.72,368.82
00,don't,368.82,369.04
00,look,369.04,369.2
00,yet,369.2,369.4
00,he'll,369.4,369.6
00,get,369.6,369.68
00,up,369.68,370.0
00,Oh,370.0,370.4
00,God,370.4,370.58
00,he's,370.58,370.8
00,socked,370.8,371.2
00,way,371.2,371.48
00,out,371.48,371.8
00,there,371.8,372.0
00,And,372.0,372.14
00,then,372.14,372.2
00,there's,372.2,372.4
00,little,372.4,372.48
00,boys,372.48,372.76
00,on,372.76,372.8
00,first,372.8,373.0
00,So,373.0,373.42
00,that,373.42,373.62
00,brought,373.62,373.88
00,him,373.88,374.14
00,in,374.14,374.36
00,and,374.36,374.62
00,then,374.62,374.72
00,he's,374.72,375.12
00,slid,375.12,375.56
00,in,375.56,375.72
00,on,375.72,375.94
00,the,375.94,376.02
00,home,376.02,377.0
00,He,377.0,377.34
00,said,377.34,377.46
00,he,377.46,377.64
00,was,377.64,377.82
00,a,377.82,378.0
00,hero,378.0,378.4
00,of,378.4,378.74
00,the,378.74,379.04
00,game,379.04,380.0
00,But,380.0,381.48
00,he,381.48,381.78
00,says,381.78,382.18
00,Tom,382.18,382.3
00,wonderful,382.3,383.0
00,To,383.0,383.04
00,go,383.04,383.22
00,out,383.22,383.46
00,there,383.46,384.0
00,You,384.0,384.32
00,know,384.32,384.58
00,he,384.58,384.88
00,gets,384.88,385.12
00,off,385.12,385.32
00,a,385.32,385.38
00,depressed,385.38,386.0
00,Or,386.0,386.16
00,these,386.16,386.32
00,things,386.32,387.0
00,You,387.0,387.04
00,know,387.04,387.18
00,he's,387.18,387.22
00,real,387.22,387.54
00,political,387.54,388.28
00,minded,388.28,389.0
00,Yeah,389.0,390.0
00,He's,390.0,390.32
00,Democrats,390.32,391.0
00,I,391.0,391.82
00,vote,391.82,392.08
00,either,392.08,392.32
00,way,392.32,393.0
00,Yeah,393.0,394.0
00,I,394.0,394.46
00,didn't,394.46,394.68
00,get,394.68,394.76
00,to,394.76,394.92
00,vote,394.92,395.0
00,I'd,395.0,395.22
00,be,395.22,395.38
00,climbed,395.38,395.68
00,to,395.68,395.9
00,state,395.9,396.14
00,this,396.14,396.36
00,time,396.36,396.7
00,when,396.7,396.84
00,I,396.84,396.9
00,registered,396.9,397.0
00,So,397.0,397.72
00,I,397.72,398.0
00,just,398.0,398.3
00,didn't,398.3,398.98
00,get,398.98,399.02
00,to,399.02,399.06
00,vote,399.06,399.28
00,for,399.28,399.46
00,president,399.46,400.0
00,So,400.0,400.46
00,I,400.46,401.02
00,think,401.02,401.26
00,what,401.26,401.66
00,he,401.66,401.94
00,means,401.94,402.0
00,Well,402.0,402.06
00,I,402.06,402.1
00,vote,402.1,403.0
00,It's,403.0,403.84
00,probably,403.84,404.08
00,an,404.08,404.42
00,end,404.42,404.66
00,Democrats,404.66,405.0
00,Oh,405.0,406.58
00,yeah,406.58,407.0
00,I,407.0,407.68
00,vote,407.68,407.84
00,either,407.84,407.94
00,way,407.94,408.0
00,I,408.0,408.04
00,vote,408.04,408.08
00,for,408.08,408.12
00,Eisenhower,408.12,409.0
00,And,409.0,410.22
00,I,410.22,410.26
00,vote,410.26,410.48
00,for,410.48,410.94
00,Nixon,410.94,411.0
00,I,411.0,411.46
00,don't,411.46,411.66
00,know,411.66,412.0
00,It's,412.0,412.64
00,not,412.64,412.68
00,Nelson's,412.68,412.72
00,up,412.72,414.0
00,God,414.0,414.92
00,I,414.92,415.12
00,hope,415.12,415.34
00,he,415.34,415.52
00,gets,415.52,415.86
00,it,415.86,416.02
00,and,416.02,416.16
00,gets,416.16,416.4
00,this,416.4,416.64
00,thing,416.64,416.98
00,on,416.98,417.62
00,the,417.62,417.76
00,road,417.76,418.0
00,Because,418.0,418.66
00,we,418.66,419.5
00,need,419.5,419.8
00,a,419.8,420.06
00,political,420.06,420.66
00,leader,420.66,421.0
00,We,421.0,421.92
00,really,421.92,421.96
00,do,421.96,422.0
00,Well,422.0,423.56
00,that's,423.56,424.32
00,not,424.32,424.36
00,exactly,424.36,424.6
00,what,424.6,424.88
00,I,424.88,424.94
00,like,424.94,425.0
00,I,425.0,425.48
00,don't,425.48,425.66
00,know,425.66,425.76
00,what,425.76,425.88
00,I,425.88,425.92
00,like,425.92,426.0
00,I,426.0,426.42
00,don't,426.42,426.46
00,know,426.46,427.0
00,I,427.0,427.48
00,don't,427.48,427.84
00,know,427.84,428.0
00,It,428.0,428.98
00,goes,428.98,429.6
00,with,429.6,429.92
00,Nixon,429.92,430.0
00,I'd,430.0,430.78
00,cheer,430.78,430.82
00,like,430.82,430.94
00,that,430.94,431.0
00,Who,431.0,432.0
00,That,432.0,433.16
00,young,433.16,433.36
00,fellow,433.36,433.72
00,that's,433.72,434.54
00,a,434.54,434.58
00,daughter,434.58,435.02
00,was,435.02,435.34
00,murdered,435.34,436.0
00,Oh,436.0,436.76
00,yeah,436.76,437.0
00,Yeah,437.0,438.0
00,He,438.0,438.3
00,said,438.3,438.58
00,something,438.58,438.9
00,about,438.9,439.06
00,he,439.06,439.2
00,was,439.2,439.36
00,going,439.36,439.56
00,together,439.56,440.16
00,and,440.16,440.7
00,the,440.7,440.84
00,tickets,440.84,441.0
00,So,441.0,441.58
00,we,441.58,441.86
00,need,441.86,441.92
00,something,441.92,442.0
00,That's,442.0,442.68
00,for,442.68,442.72
00,sure,442.72,443.0
00,Yeah,443.0,444.0
00,We,444.0,444.2
00,need,444.2,444.44
00,something,444.44,445.02
00,that,445.02,445.3
00,the,445.3,445.46
00,other,445.46,445.72
00,countries,445.72,446.12
00,are,446.12,446.48
00,afraid,446.48,446.68
00,of,446.68,446.94
00,us,446.94,447.0
00,You,447.0,447.42
00,know,447.42,448.0
00,I,448.0,448.34
00,mean,448.34,448.38
00,when,448.38,448.92
00,Eisenhower,448.92,449.72
00,was,449.72,449.96
00,in,449.96,450.1
00,there,450.1,450.3
00,he,450.3,450.4
00,didn't,450.4,450.64
00,do,450.64,450.8
00,a,450.8,450.88
00,hell,450.88,450.92
00,of,450.92,450.96
00,a,450.96,451.0
00,lot,451.0,451.04
00,But,451.04,452.12
00,my,452.12,452.46
00,God,452.46,452.96
00,those,452.96,453.0
00,countries,453.0,453.36
00,were,453.36,453.74
00,afraid,453.74,453.88
00,of,453.88,453.94
00,us,453.94,454.0
00,He,454.0,454.54
00,kept,454.54,454.94
00,us,454.94,455.12
00,out,455.12,455.28
00,of,455.28,455.5
00,war,455.5,455.66
00,anyway,455.66,456.0
00,I,456.0,457.16
00,don't,457.16,457.42
00,throw,457.42,457.52
00,the,457.52,457.78
00,Kennedy,457.78,458.1
00,Jack,458.1,459.0
00,Yeah,459.0,460.0
00,Well,460.0,460.7
00,yeah,460.7,461.0
00,But,461.0,461.34
00,he,461.34,461.48
00,didn't,461.48,461.66
00,even,461.66,461.92
00,you,461.92,462.2
00,know,462.2,462.56
00,he,462.56,462.6
00,was,462.6,462.78
00,in,462.78,462.88
00,long,462.88,462.94
00,enough,462.94,463.0
00,Well,463.0,464.16
00,it's,464.16,464.48
00,a,464.48,464.54
00,sad,464.54,464.76
00,thing,464.76,465.16
00,when,465.16,465.32
00,you,465.32,465.38
00,think,465.38,465.64
00,too,465.64,465.86
00,lucky,465.86,466.0
00,It's,466.0,467.5
00,been,467.5,467.54
00,with,467.54,467.96
00,their,467.96,468.2
00,brains,468.2,468.5
00,knocked,468.5,468.76
00,out,468.76,469.0
00,I,469.0,469.46
00,mean,469.46,469.9
00,it's,469.9,470.0
00,just,470.0,470.3
00,like,470.3,471.1
00,a,471.1,471.34
00,nightmare,471.34,472.0
00,It,472.0,472.6
00,seems,472.6,473.08
00,like,473.08,473.36
00,a,473.36,473.54
00,very,473.54,473.76
00,story,473.76,474.0
00,I,474.0,474.36
00,couldn't,474.36,474.76
00,believe,474.76,474.84
00,it,474.84,475.0
00,I,475.0,475.42
00,thought,475.42,475.62
00,it,475.62,475.72
00,was,475.72,475.86
00,like,475.86,476.0
00,or,476.0,476.2
00,something,476.2,476.44
00,well,476.44,477.0
00,Yeah,477.0,478.0
00,Well,478.0,478.56
00,honey,478.56,478.86
00,I'll,478.86,478.9
00,think,478.9,478.94
00,about,478.94,478.98
00,it,478.98,479.02
00,I'll,479.02,479.1
00,think,479.1,479.28
00,about,479.28,479.5
00,it,479.5,481.0
00,Okay,481.0,482.0
00,You're,482.0,482.92
00,on,482.92,482.96
00,you,482.96,483.0
00,Bye,483.0,484.0
00,Bye,484.0,485.0
00,Yeah,485.0,486.0
00,Bye,486.0,490.4
00,(markerType=slowspeech_end:markerInfo=∇:markerSpeaker=00),490.4,490.4
